,Date received,Product,Sub-product,Issue,Sub-issue,Consumer complaint narrative,Company public response,Company,State,ZIP code,Tags,Consumer consent provided?,Submitted via,Date sent to company,Company response to consumer,Timely response?,Consumer disputed?,Complaint ID,Year,Month,Day,DoW
6,2022-12-24,Checking or savings account,Checking account,Managing an account,Deposits and withdrawals,"I opened up a account online XXXX weeks ago and deposited {$200.00} in my account. As I awaited my debit card, I went into the branch and withdrew {$100.00}. After receiving my card and activating it, I went into a branch location and deposited a XXXX financial aid refund. The teller advised me that the funds could potentially have a hold and to check my account after midnight to see if a portion of my funds would be released. I did as instructed and the majority of the funds showed available. 



Fast forward to the next morning, which is Friday XX/XX/XXXX and I placed a online XXXX order to pick up a few gifts for my children. A few hours later, I received a call from BMO fraud department. The individual who contacted asked me various questions re why some one like me would choose to open a account at BMO Harris. I was bewildered by the question and asked for elaboration. The individual stated that He was from the fraud unit and was concerned as to how someone who only had {$200.00} to open an account suddenly came into possession of XXXX. 

He then proceeded to tell me he was going to freeze my entire account, not just the check deposit, until he could speak to someone from my school to verify that I am a student, that they issued the check and the he wants to speak with someone at the bank because he believes the check to be fraudulent. 

Again : I am completely bewildered. I asked him a timeline on when this would occur, seeing as we are XXXX days before XXXX. His response was BMO doesnt care about your holiday. They pay me big money to stop people from committing fraud and Im not letting you walk out of a bank with XXXX that isnt yours. 

Now, Im livid. I asked him if he understood how disgusting it was to gloat about his paycheck when he is freezing my account before the holiday. His response was I dont care, Im compensated well, if you dont like it, file a complaint. 

Calls are recorded, so you can verify what was said. I called back to customer service to speak with another agent. This time, I got a female rep who proceeded to tell me that shes not going to even look at my account because I already spoke with someone. I asked to be escalated to a supervisor and she said no. I told her that I would just go to a branch to see if they would call and she told me that Id just be wasting my time because nobody was going to assist me with a complaint about a XXXX XXXX XXXX. 

I drive to the nearest branch anyway and attempt to log in to my account to see if there has been a update. My User Name, E-mail, Password all rejected. I call back to customer service and they tell me that someone went into the system and suspended my online and phone access. I ask why and they say no notes were left. 

This is petty, unprofessional behavior and I want to make sure they are aware of how new customers are treated as I take my business elsewhere. I can understand holding the check as a business practice. But, being childish, demeaning and disrespectful was not necessary.",Company has responded to the consumer and the CFPB and chooses not to provide a public response,BMO HARRIS BANK NATIONAL ASSOCIATION,AZ,85301,Servicemember,Consent provided,Web,2022-12-24,Closed with explanation,Yes,,6358144,2022,12,24,5
8,2022-12-20,Credit card or prepaid card,General-purpose credit card or charge card,Problem with a purchase shown on your statement,Credit card company isn't resolving a dispute about a purchase on your statement,"Received credit card statement dated XX/XX/22 showing a charge of {$260.00} that I did not recognize. 
I contacted Fidelity Rewards Credit Card on XX/XX/22 about the charge and told them I did charge a sandwich at food truck on that date and cost was {$15.00}. 
The Fidelity representative stated that this was a likely a fraudulent charge and provided a provisional credit of {$260.00} and said they would research. They also canceled card and provided new card number. On XX/XX/22 Fidelity reversed the provisional credit and provided a receipt from a XXXX XXXX XXXX XXXX XXXX in XXXX Ohio XXXX see attached ) showing a 'custom amount ' {$15.00} charge plus another {$250.00} XXXXcustom amount '. I have never been to XXXX XXXX XXXX XXXX and again contested the charge to Fidelity. 
During the week of XX/XX/22, after multiple attempts, I was able to contact the owner of the XXXX XXXX who said he also owned a food truck. I described the problem and he agreed I should not be charged the additional {$250.00}. He requested I contact the credit card company and have them review it again. 
At this point, I again contacted Fidelity, but the dispute department at Fidelity stated that the decision on the matter was final and they refused to further review. 
I have been fraudulently charged {$250.00}. I feel I should be protected by the laws regarding credit card transactions. I have been charged an amount for something I did not purchase and Fidelity is refusing to correct the issue or work with us in an attempt to resolve.",Company has responded to the consumer and the CFPB and chooses not to provide a public response,U.S. BANCORP,OH,45377,,Consent provided,Web,2022-12-20,Closed with non-monetary relief,Yes,,6338237,2022,12,20,1
10,2022-12-16,Credit card or prepaid card,Store credit card,Fees or interest,Unexpected increase in interest rate,When signing up with the card they never tell you or gave me terms saying this is this or that. I never even received my card on the mail I was using a copy I was able to download online to use it. I never got statement in the mail and now that I look at the statements I see they even have my address wrong.So a year later with care credit I think I'm almost done paying my card because I make high payments like $ XXXX but always over my min payment. I go into the account to log in and I see I'm being charged XXXX instead of the XXXX dollars I was currently at going down in back at where I started it I would of known this I would of never signed up with this Care Credit company!,Company has responded to the consumer and the CFPB and chooses not to provide a public response,SYNCHRONY FINANCIAL,NY,11421,,Consent provided,Web,2022-12-16,Closed with explanation,Yes,,6329064,2022,12,16,4
15,2022-12-16,"Credit reporting, credit repair services, or other personal consumer reports",Credit reporting,Problem with a credit reporting company's investigation into an existing problem,Their investigation did not fix an error on your report,I reviewed my Consumer Reports and noticed that I had late payments on accounts that I was never late for. Consumer Reporting Agencies have assumed a vital role and have a responsibility to report Consumer information to the best of their ability with Maximum Accuracy. I have never been late on payments for the accounts : XXXX XXXXXXXX XXXX  XXXX .... Balance : {$82.00} ; XXXX XXXX XXXX .... Balance : {$22.00} ; XXXX XXXX XXXX XXXX .... Balance : {$78.00} ; XXXX XXXX XXXX XXXX XXXXXXXX XXXX XXXX XXXX : {$4.00} ; XXXX XXXX XXXX  XXXX XXXX. Balance : {$140000.00} ; XXXX XXXX XXXX XXXX Balance : {$620000.00},Company has responded to the consumer and the CFPB and chooses not to provide a public response,Experian Information Solutions Inc.,CA,93727,,Consent provided,Web,2022-12-16,Closed with explanation,Yes,,6323220,2022,12,16,4
22,2022-12-05,Debt collection,Medical debt,Attempts to collect debt not owed,Debt is not yours,"I had a ER visit on XX/XX/2020, at the time i had insurance on Nevada XXXX XXXX, I was later billed for services that normally and should have been fully covered. Per XXXX  ( XXXX XXXX XXXX nevada ) I submitted the correct documentation and Medical ID cards at time of visit. Per XXXX XXXX XXXX submitted the wrong insurance for claim proccessing to XXXX. So since XXXX submitted the wrong insurance XXXX did not pay for the claim. XXXX also informed me they have proof that i submitted the right insuranc card because all of the other claims were subkitted correctky and paid out. XXXX XXXX made a mistake and they are trying to make me cover and pay for their mistake. I have made numrous attempts for them to fix them and they just tell me they will submitt this dispute to someone higher up and no one ever follows up with me. The debt collecgtor on behalf of XXXX XXXX continues to update the credit breuars with increase in amounbt that i owe and Im assuming they are adding intrest to the debt that they claim I owe, I do not owe this debt please resolve it on your end and remove it from my credit report.it is destroying my life and preventing me from purchasing my dream home.",Company has responded to the consumer and the CFPB and chooses not to provide a public response,"PlusFour, Inc",NV,89052,,Consent provided,Web,2022-12-29,Closed with explanation,Yes,,6282728,2022,12,5,0
30,2022-12-19,Vehicle loan or lease,Loan,Getting a loan or lease,Fraudulent loan,"On the XXXX day of XXXX, 2022 I signed a contract with XXXX XXXX to purchase a vehicle. I financed the vehicle with {$2000.00} down and 16 % interest. According to information from 15 U.S. Code Section 1662- Advertising of Down payments and installments "" No advertisement to aid, promote, or assist directly or indirectly any extension of consumer credit may state that a specified periodic consumer credit amount can be arranged, unless the creditor usually and customarily arranges credit payments or installments for that period and in that amount. '' I wish to cancel that contract because according to 15 U.S. Code Section 1605 - Determination of Finance charge "" Charges or premiums for insurance, written in connection with any consumer credit any consumer credit transaction, against loss of or damage to property, shall be included in the finance charge unless a clear and specific statement in writing is furnished by the creditor to the person to whom the credit is extended. ''",Company has responded to the consumer and the CFPB and chooses not to provide a public response,"Westlake Services, LLC",AZ,85706,,Consent provided,Web,2022-12-19,Closed with explanation,Yes,,6338622,2022,12,19,0
49,2022-12-19,"Credit reporting, credit repair services, or other personal consumer reports",Credit reporting,Problem with a credit reporting company's investigation into an existing problem,Their investigation did not fix an error on your report,"I have a Citibank Mastercard account XXXX which was opened XX/XX/XXXX, and currently has a XXXX balance owing. However, XXXX is reporting that I had a late payment in XXXX of XXXX. That is not accurate. I have never been late in paying this card. I disputed the inaccurate reporting directly with XXXX and XXXX and both credit reporting agencies have corrected the inaccuracy. However, despite different disputes with XXXX, XXXX has failed to correct this inaccuracy and continues to erroneously reflect a late payment for the month of XX/XX/XXXX in the payment history. It is clear that XXXX and Citibank have failed to conduct a reasonable investigation of my dispute as required under the Fair Credit Reporting Act and the Fair and Accurate Credit Transactions Act, and have subsequently failed to correct the inaccuracy in their reporting of my payment history for this trade line. Being that I have twice attempted to indirectly dispute this through the CRA, without resolution, I now have private right of action to bring litigation against XXXX and Citibank for falsely reporting this inaccurate information ; and I intend to do just that if it not rectified with the assistance of the CFPB.",Company has responded to the consumer and the CFPB and chooses not to provide a public response,"CITIBANK, N.A.",TX,75025,,Consent provided,Web,2022-12-19,Closed with explanation,Yes,,6339035,2022,12,19,0
69,2022-10-08,"Credit reporting, credit repair services, or other personal consumer reports",Credit reporting,Improper use of your report,Credit inquiries on your report that you don't recognize,"I have sent letters to you requesting that you remove inaccurate, incomplete or unverifiable accounts from my credit file. To date you have failed to comply with the requirements of the Fair Credit Reporting Act by ignoring my requests. Be advised that I am considering filing a complaint with the FTC due to your noncompliance with the FCRA. 

I have kept all records of my communications with you, including the letters I have sent, proof of your receipt of the letters, and evidence of your noncompliance. It has been over 45 days since your receipt of my original request to investigate the remove the following accounts, and you have failed to comply with the FCRA. 

In good faith, I ask that you please reinvestigate the following items, and promptly remove inaccurate, incomplete or unverifiable accounts : I ask that you remove the following unauthorized inquiries that remains on my credit report. 

Per the Fair Credit Reporting Act, Section 611 ( a ) ( 6 ), I also request that you provide a description of the procedure used to determine the accuracy and completeness of the information, including the business name and address of any furnisher of information contacted in connection with such information and the telephone number of such furnisher. By law, this information must be provided to me within XXXX business days after the completion of the reinvestigation.I DO NOT CONSENT TO E-OSCAR FOR VERIFICATION.",Company has responded to the consumer and the CFPB and chooses not to provide a public response,"TRANSUNION INTERMEDIATE HOLDINGS, INC.",FL,33028,,Consent provided,Web,2022-10-08,Closed with non-monetary relief,Yes,,6064047,2022,10,8,5
108,2022-12-20,Credit card or prepaid card,Store credit card,Problem with a purchase shown on your statement,Credit card company isn't resolving a dispute about a purchase on your statement,"I purchased a indoor security camera from Sams Club online and it was "" defective '' ( did not work, would not connect to WiFi ). So I spoke with a rep and I returned the merchandise via XXXX XXXX as required, and they still have not credited my Sams Club credit card for the amount of {$100.00} as of todays date, XX/XX/2022. ( see attachments ) of chat with a Sams Club representative and other pertinent information regarding the purchase of the merchandise. I provided proof of delivery return ( see attachment ( XXXX ). I want the refund "" Due me ''.",Company has responded to the consumer and the CFPB and chooses not to provide a public response,SYNCHRONY FINANCIAL,MS,39428,Older American,Consent provided,Web,2022-12-20,Closed with monetary relief,Yes,,6344037,2022,12,20,1
118,2022-12-20,Credit card or prepaid card,General-purpose prepaid card,Unexpected or other fees,,"I attempted to pay the company that owns my apartment in the amount of {$310.00} on XX/XX/XXXX for fees associated with my living space. On XX/XX/XXXX, the money was re-added to my apartment 's list of charges, along with a Non-Sufficient Funds ( NSF ) fee of {$100.00} added onto it. Checking back later, on XX/XX/XXXX, I found that I now owed {$430.00} as a result of the company not receiving the previous funds, the NSF fee, and late fees. I immediately attempted payment again, only for the same incident to occur again today on XX/XX/XXXX, with another NSF fee applied, resulting in {$530.00} being the money I now owe. On both occasions, I attempted payment with XXXX. 

Panicking, I check my bank statement to find when I sent in the money. I vividly remember having the appropriate funds prior to paying the landowning company on both occasions, and when checking my balance after, I found that the amount of money I sent in was missing from my account. However, I can not find the money listed anywhere on my account. 

I had called the number on the back of my US Bank XXXX XXXX for assistance, and was told by the agent I reached that the transactions never occurred. When I asked where my money went then, the agent avoided answering directly, and suggested I speak with the merchant I paid. I then discussed the problem with my leasing XXXX, who stated that most tenants in the building I live in pay their bills with XXXX, and that no one else had this issue. 

I am now missing {$740.00}, and I can not find when or where they went on USBank 's XXXX XXXX site, or their mobile app. I then checked online and found that earlier this year US Bank was fined {$37.00} XXXX for stealing from their customers, and I fear they've simply found another way to do so, and that I've become a victim.",Company has responded to the consumer and the CFPB and chooses not to provide a public response,U.S. BANCORP,TX,75032,Servicemember,Consent provided,Web,2022-12-20,Closed with non-monetary relief,Yes,,6342630,2022,12,20,1
125,2022-12-29,"Credit reporting, credit repair services, or other personal consumer reports",Credit reporting,Improper use of your report,Reporting company used your report improperly,"After carefully reviewing my credit I report I see a number of inaccuracy on my credit report. First I would like to state that I never gave XXXX written consent to furnish anything on my report. No consent is identity theft and infringement upon my privacy. This damage my reputation with lending institutions and house associations. You didnt do your due diligence with protecting the consumer you vowed in good faith to do so. Theres big violations that I want to point out 1. According to the IRS ( Internal Revenue Services ) income cant be reported as debt.

2. According to the FDCA a debt collect may not attempt to collect alleged debt in a state/county/ or city in which debt collect is not authorized to conduct business. ( See Exhibit 1 ). This debt collector arent authorized to conduct business in Arkansas or Texas. 
-XXXX  XXXX XXXX acct # XXXX",Company has responded to the consumer and the CFPB and chooses not to provide a public response,"SUNRISE CREDIT SERVICES, INC",TX,76132,,Consent provided,Web,2022-12-29,Closed with explanation,Yes,,6376360,2022,12,29,3
145,2022-12-29,"Credit reporting, credit repair services, or other personal consumer reports",Credit reporting,Incorrect information on your report,Information belongs to someone else,"The unverified items indicated below continue to report on my credit report despite several written requests, in violation of federal law.I sent multiple letters to the 3 credit bureaus, but I never received a response. Sections 609 ( a ) ( 1 ) ( A ) and 611 ( a ) ( 1 ) require these items to be authenticated ( A ). I will take legal action against you if you do not validate these items. Please follow the law so that this situation can be settled quickly. 

XXXX XXXX XXXX XXXX XXXX XXXX XXXX XXXX XXXX XXXX XXXX XXXX XXXX XXXX XXXX XXXX XXXX XXXX XXXX XXXX XXXX XXXX XXXX XXXX XXXX XXXX XXXX XXXX XXXX XXXX XXXX XXXX XXXX XXXX XXXX XXXX XXXX XXXX XXXX XXXX XXXX XXXX XXXX XXXX XXXX XXXX XXXX XXXX XXXX XXXX XXXX XXXX XXXX XXXX XXXX XXXX XXXX XXXX XXXX XXXX XXXX XXXX XXXX XXXX XXXX XXXX XXXX XXXX XXXX XXXX XXXX XXXX XXXX XXXX XXXX XXXX XXXX XXXX XXXX XXXX XXXX XXXX XXXX XXXX XXXX XXXX XXXX XXXX XXXX XXXX XXXX XXXX XXXX XXXX XXXX XXXX XXXX XXXX XXXX XXXX XXXX XXXX XXXX XXXX XXXX XXXX XXXX XXXX XXXX XXXX XXXX XXXX XXXX XXXX XXXX XXXX XXXX XXXX XXXX XXXX XXXX XXXX",Company has responded to the consumer and the CFPB and chooses not to provide a public response,Experian Information Solutions Inc.,NJ,07065,,Consent provided,Web,2022-12-29,Closed with non-monetary relief,Yes,,6369920,2022,12,29,3
159,2022-12-29,"Credit reporting, credit repair services, or other personal consumer reports",Credit reporting,Problem with a credit reporting company's investigation into an existing problem,Their investigation did not fix an error on your report,"There are three accounts that show closed on my account that should be removed. Accounts show closed yet the balance of two of the closed are still included with my report. A Closed accounts balance should not be included and should be removed from my credit, since it hasnt been removed nor balance removed my credit score is significantly lower than the other two agencys. I tried submitting a dispute in regards to this but system will not allow me to.",Company has responded to the consumer and the CFPB and chooses not to provide a public response,Experian Information Solutions Inc.,GA,30549,Servicemember,Consent provided,Web,2022-12-29,Closed with explanation,Yes,,6369897,2022,12,29,3
164,2022-12-29,"Credit reporting, credit repair services, or other personal consumer reports",Credit reporting,Problem with a credit reporting company's investigation into an existing problem,Investigation took more than 30 days,"When I reviewed my credit report, I discovered that some of the information was erroneous. The 3 credit bureaus must validate these accounts in line with Sections 609 ( a ) ( 1 ) ( A ) and 611 ( a ) ( 1 ) ( A ). It is not authorized to fail to validate these reporting accounts as unverified information without providing any proof within the period allowed by law. You have NOT provided me a copy of ANY original documentation ( a consumer contract with my signature on it ) as required under Section 609 ( a ) ( 1 ) ( A ) Disclosures to consumers [ 15 U.S.C. 1681g ] ( ( a ) Information on file ; sources ; report recipients. Experian, XXXX, and XXXX shall, upon request, and subject to 610 ( a ) ( 1 ) [ 1681h ], clearly and accurately disclose to the consumer. If the consumer to whom the file relates requests that the first 5 digits of the social security number ( or similar identification number ) of the consumer not be included in the disclosure and the consumer reporting agency has received appropriate proof of the identity of the requester, the consumer reporting agency shall so truncate such number in such disclosure. & Section 611 ( a ) ( 1 ) ( A ) Procedure in case of disputed accuracy [ 15 U.S.C. 1681i ] ( a ) Reinvestigations of Disputed Information. If the completeness or accuracy of any item of information contained in my file at Experian, XXXX, and XXXX are disputed by the consumer and the consumer notifies the agency directly, or indirectly through a creditor, the Bureaus shall, free of charge, conduct a reasonable reinvestigation to determine whether the disputed information is inaccurate and record the current status of the disputed information, or delete the item from my file in accordance with paragraph ( 5 ), before the end of the 30-day period beginning on the date on which the agency receives the notice of the dispute from the consumer or creditor The following accounts need to investigate and correct from erroneous reporting in my file are listed on my credit report : XXXX XXXX XXXX XXXX XXXX XXXX XXXX XXXX XXXX XXXX XXXX XXXX XXXX XXXX XXXX XXXX XXXX XXXX XXXX XXXX XXXX XXXX XXXX XXXX XXXX XXXX XXXX XXXX XXXX XXXX XXXX XXXX XXXX XXXX XXXX XXXX XXXX XXXX XXXX XXXX XXXX XXXX XXXX XXXX XXXX XXXX XXXX XXXX XXXX XXXX XXXX XXXX XXXX XXXX XXXX XXXX XXXX XXXX XXXX XXXX XXXX XXXX XXXX XXXX XXXX XXXX XXXX XXXX XXXX XXXX XXXX XXXX XXXX XXXX XXXX XXXX XXXX XXXX XXXX XXXX",Company has responded to the consumer and the CFPB and chooses not to provide a public response,Experian Information Solutions Inc.,FL,33065,,Consent provided,Web,2022-12-29,Closed with non-monetary relief,Yes,,6370056,2022,12,29,3
182,2022-12-23,"Credit reporting, credit repair services, or other personal consumer reports",Credit reporting,Improper use of your report,Credit inquiries on your report that you don't recognize,"I have contacted creditors with phone numbers provided. They say they do not have the ability to remove inquiries and to contact credit bureaus. Credit bureaus tell me to contact creditors. These are unauthorized and fraudulent!! PLEASE REMOVE THEM ASAP. 

XXXX XXXX XXXX XXXX XXXX XXXX XXXX XXXX XXXX XXXX XXXX XXXX XXXX XXXX XXXX XXXX XXXX XXXX XXXX XXXX XXXX XXXX XXXX XXXX XXXX XXXX XXXX XXXX XXXX XXXX XXXX XXXX XXXX XXXX XXXX XXXX XXXX XXXX XXXX XXXX XXXX XXXX XXXX XXXX XXXX XXXX XXXX XXXX XXXX XXXX XXXX XXXX XXXX XXXX XXXX XXXX XXXX XXXX XXXX XXXX XXXX XXXX XXXX XXXX XXXX XXXX XXXX XXXX XXXX XXXX XXXX XXXX XXXX XXXX XXXX XXXX XXXX XXXX XXXX XXXX XXXX XXXX XXXX XXXX XXXX XXXX XXXX XXXX XXXX XXXX XXXX XXXX XXXX XXXX XXXX XXXX XXXX XXXX XXXX XXXX XXXX XXXX XXXX XXXX XXXX XXXX XXXX XXXX XXXX XXXX XXXX XXXX XXXX XXXX XXXX XXXX XXXX XXXX XXXX XXXX XXXX XXXX XXXX XXXX XXXX XXXX XXXX XXXX XXXX XXXX XXXX XXXX XXXX XXXX XXXX XXXX XXXX XXXX XXXX XXXX XXXX XXXX XXXX",Company has responded to the consumer and the CFPB and chooses not to provide a public response,Experian Information Solutions Inc.,NJ,07828,,Consent provided,Web,2022-12-23,Closed with non-monetary relief,Yes,,6357581,2022,12,23,4
186,2022-12-23,"Credit reporting, credit repair services, or other personal consumer reports",Credit reporting,Incorrect information on your report,Information belongs to someone else,"According to my research about FCRA 605, credit bureau are required by law to remove & block any items which are found to be opened due to identity theft. Again, it appears that my credit with you has been compromised, these items being reported is creating a ton of XXXX & financial stress which is impacting my ability to XXXX, causing problems at my job & creating unwanted stress in my home life. The following items that you must remove are listed below : XXXX XXXX XXXX XXXX XXXX XXXX XXXX XXXX XXXX XXXX XXXX XXXX XXXX XXXX XXXX XXXX XXXX XXXX XXXX XXXX XXXX XXXX XXXX XXXX XXXX XXXX XXXX XXXX XXXX XXXX XXXX XXXX Balance : {$2200.00}.",Company has responded to the consumer and the CFPB and chooses not to provide a public response,Experian Information Solutions Inc.,NC,28306,,Consent provided,Web,2022-12-23,Closed with non-monetary relief,Yes,,6352231,2022,12,23,4
190,2022-12-23,"Credit reporting, credit repair services, or other personal consumer reports",Credit reporting,Incorrect information on your report,Information belongs to someone else,XXXX XXXX XXXX XXXX I XXXX XXXX sent multiple letters and complaints about this XXXXXXXX XXXX XXXX XXXX that's connected to an address that I do not know. The date this account was open XX/XX/2017. As seen on my identification card I uploaded the address that I have resides is not connected to this account.These false information keeps being updated to my credit profile and keeps leaving a negative effect on my profile.I contacted the creditor and credit bureaus multiple times about this issue and nothing is being done.This issue is slowly giving me XXXX XXXX. As Stated in 15 U.S. Code 1681c1 XXXX XXXX XXXX the consumer had given multiple identity theft reports and also placed a security freeze.,Company has responded to the consumer and the CFPB and chooses not to provide a public response,Experian Information Solutions Inc.,FL,33169,,Consent provided,Web,2022-12-23,Closed with non-monetary relief,Yes,,6352421,2022,12,23,4
225,2022-12-26,Mortgage,Conventional home mortgage,Trouble during payment process,,I have paid mortgage to Wells Fargo for 25 years. I ran a title search that says I refinance 3 different times. I never refinance. And I own almost as much as I did from day one. I took out XXXX loan and still owe XXXX in 25 years,Company has responded to the consumer and the CFPB and chooses not to provide a public response,WELLS FARGO & COMPANY,MI,48451,Older American,Consent provided,Web,2022-12-26,Closed with explanation,Yes,,6361722,2022,12,26,0
284,2022-12-29,"Credit reporting, credit repair services, or other personal consumer reports",Credit reporting,Problem with a credit reporting company's investigation into an existing problem,Their investigation did not fix an error on your report,"I submitted a letter to the XXXX Credit Bureaus on XX/XX/2022, to correct this suspicious information. I think you have not validated these accounts in accordance with Sections 609 ( a ) ( 1 ) ( A ) and 611 ( a ) ( 1 ) ( A ), and I will pursue legal action against them. This was already included in my prior complaint and I'm including it again. 
XXXX XXXX XXXX Balance Owed : {$0.00} XXXX  XXXX Balance Owed : {$660.00}",Company has responded to the consumer and the CFPB and chooses not to provide a public response,Experian Information Solutions Inc.,TX,76017,,Consent provided,Web,2022-12-29,Closed with non-monetary relief,Yes,,6370532,2022,12,29,3
287,2022-09-02,"Credit reporting, credit repair services, or other personal consumer reports",Credit reporting,Incorrect information on your report,Account information incorrect,"I have a XXXX XXXX account being advertised on my consumer report. I initiated this transaction using my "" credit card '' and my privacy is being violated. I was made to believe that it was mandatory for the furnishing of this charge-off. I have come into information that leads to believe this is false and predatory. Fair Credit Reporting Act does not even define a charge-off. The financial institutions and credit reporting agencies have colluded to infringe on my rights by monopolizing my personal information. I was never given the opportunity, before the time that such information is initially disclosed, to direct that such information not be disclosed to such third party ; and nor was given an explanation of how I can exercise that nondisclosure option. Subsequently, I have been charged excessive interest as a result of the lower credit rating following this. 

I am citing that XXXX XXXX is in violation of Title 15 of the United States Commercial Code Chapter 94 subsection 6802 [ B ] [ C ]. I am aware of the civil penalties associated with these violations. 

I have made a report with the Federal Trade Commission on XX/XX/2022 in the same manner and with the same power and authority as the Commission has under the Fair Debt Collection Practices Act [ 15 U.S.C. 1692 et seq. ] engaging them to enforce compliance with such Act.",Company has responded to the consumer and the CFPB and chooses not to provide a public response,Experian Information Solutions Inc.,NJ,08809,,Consent provided,Web,2022-09-02,Closed with explanation,Yes,,5939187,2022,9,2,4
299,2022-12-26,Checking or savings account,Checking account,Managing an account,Deposits and withdrawals,I had a payment of {$2000.00} in my account I withdraw {$2500.00} and got locked out of my account and then my account got closed still haven't gotten a refund,Company has responded to the consumer and the CFPB and chooses not to provide a public response,WELLS FARGO & COMPANY,PA,19320,,Consent provided,Web,2022-12-26,Closed with explanation,Yes,,6361881,2022,12,26,0
321,2022-12-24,Mortgage,Conventional home mortgage,Trouble during payment process,,"SPS has claimed repeatedly to be nothing more than the servicer of my Mortgage, acting at the request of, and benefit for the note holder Who they claim repeatedly to be : XXXXXXXX XXXX XXXXXXXX, successor trustee to XXXX XXXX XXXX XXXX successor in interest to XXXX XXXX  XXXX, as trustee, on behalf of the holders of the XXXX  XXXX XXXX XXXX Certificates XXXX  Series XXXX XXXX  is the note holder and SPS is the mortgage servicer However on Pg 3 of the second document ( which I found as a CFPB document dated XX/XX/2013 ) XXXX XXXX : Another bank or financial institution ( the new servicer ) has purchased your existing loan from us. Transferring mortgage loans is a normal business practice. 

Please explain this and elaborate on the confusion about who owns this loan. 
Thank you, XXXX XXXX",Company believes it acted appropriately as authorized by contract or law,"SELECT PORTFOLIO SERVICING, INC.",CA,90066,Older American,Consent provided,Web,2022-12-24,Closed with explanation,Yes,,6359195,2022,12,24,5
324,2022-12-26,Mortgage,Conventional home mortgage,Trouble during payment process,,"In The SPS response on XXXX, they stated : Servicing Agreement In the inquiries, you requested to review the servicing agreement related to your account. Please note that such servicing agreements contain responsibilities for multiple parties unrelated to you as part of a securitization transaction. SPS will not be sending you a copy of the XXXX XXXX, as it is proprietary and intended for internal use only. Origination In the inquiries, you questioned several issues relating to the origination of the loan. While SPS services this account on behalf of the Noteholder, we did not take part in its origination and we are unable to respond to the issues raised relating to the origination of the loan. Noteholder Information In the inquiries, you requested clarification regarding your XXXX identity. XXXXXXXX XXXX XXXXXXXX, successor trustee to XXXX XXXX XXXX XXXX successor in interest to XXXXXXXX XXXX XXXX XXXX XXXX XXXX XXXX XXXX XXXX XXXX XXXX XXXX XXXX XXXX XXXXXXXX XXXX XXXX XXXX XXXX XXXX  Trust is the Noteholder of the account, and SPS is the mortgage XXXX. 

How can a Servicing Agreement be proprietary when I am supposed to be XXXX of the parties to this agreement? Similar to signing a contract that you are not allowed to read! 
What is SPS hiding? 
Once again : My request is for the identity of the party who owns and maintains an unpaid loan account receivable, that is due from me to that party. 
SPS claims that the XXXX XXXX XXXX XXXX is the Note Holder I have had XXXX forensic title investigations that claim the my XXXX  was never added or included in this possibly non-existent Trust I once again ask for proof that my Deed of Trust was or is included in this trust.",Company believes it acted appropriately as authorized by contract or law,"SELECT PORTFOLIO SERVICING, INC.",CA,90066,Older American,Consent provided,Web,2022-12-26,Closed with explanation,Yes,,6363145,2022,12,26,0
333,2022-12-22,Mortgage,Conventional home mortgage,Trouble during payment process,,"I am with Shellpoint Mortgage. My payment for the month of XX/XX/2022 has not posted to my account.I am with the HAF Home Owners Assistnace Fund through the State of Florida. I checked with my HAF department and said check was sent out XXXX XXXX and showing received XXXX XXXX. 
I just would like to get my payment posted to my account. It is now XXXX XXXX and no payment posted. Not sure what the hold up is everyone to get these posted.Please locate my payment and post please.",Company believes it acted appropriately as authorized by contract or law,"Shellpoint Partners, LLC",FL,33950,,Consent provided,Web,2022-12-22,Closed with explanation,Yes,,6351302,2022,12,22,3
342,2022-12-21,"Credit reporting, credit repair services, or other personal consumer reports",Credit reporting,Problem with a credit reporting company's investigation into an existing problem,Their investigation did not fix an error on your report,I discovered that some of the information on my credit report was incorrect when I reviewed it. Sections 609 ( a ) ( 1 ) ( A ) and 611 ( a ) ( 1 ) require the XXXX credit bureaus to validate these items ( A ). It is not permissible to fail to validate these reporting items as unverified information without providing proof within the time frame specified by law. My credit report includes the following erroneous information that needs to be investigated and updated : XXXX XXXX XXXX XXXX XXXX XXXX XXXX XXXX XXXX XXXX XXXX XXXX XXXX XXXX XXXX XXXX XXXX XXXX XXXX XXXX XXXX XXXX XXXX XXXX XXXX XXXX XXXX XXXX XXXX XXXX XXXX XXXX XXXX XXXX XXXX XXXX XXXX XXXX XXXX XXXX XXXX XXXX XXXX XXXX XXXX XXXX XXXX XXXX XXXX XXXX XXXX XXXX XXXX XXXX XXXX XXXX XXXX XXXX XXXX XXXX XXXX XX/XX/XXXX,Company has responded to the consumer and the CFPB and chooses not to provide a public response,Experian Information Solutions Inc.,FL,33844,,Consent provided,Web,2022-12-21,Closed with non-monetary relief,Yes,,6341441,2022,12,21,2
359,2022-12-21,"Credit reporting, credit repair services, or other personal consumer reports",Credit reporting,Incorrect information on your report,Personal information incorrect,"To whom it may concern, I am writing to update/correct my personal information on file with your company. 

Please update my address is XXXX XXXX XXXX  XXXX XXXX XXXX XXXX Please update my name XXXX XXXX My only social security number is XXXX My only correct date of birth is XX/XX/1977 I do not wish to have any telephone numbers on my report. Please remove all the other addresses off my report as they as they are not deliverable to me by the XXXX XXXX XXXX and they are not reportable as per the FCRA, since they are inaccurate.",Company has responded to the consumer and the CFPB and chooses not to provide a public response,Experian Information Solutions Inc.,FL,32953,,Consent provided,Web,2022-12-21,Closed with non-monetary relief,Yes,,6341666,2022,12,21,2
361,2022-12-28,Checking or savings account,Checking account,Problem caused by your funds being low,Overdrafts and overdraft fees,"I have spoke with wellsfargo about overdraft protection, the stated that I had overdraft protection on my account, they are allowing money to come from my account when there is nothing there, but I have been hit XXXX times in XXXX day with overdraft fees. The most recent date has been XXXXXXXX XXXX",Company has responded to the consumer and the CFPB and chooses not to provide a public response,WELLS FARGO & COMPANY,NC,28358,,Consent provided,Web,2022-12-28,Closed with explanation,Yes,,6368682,2022,12,28,2
367,2022-12-21,Credit card or prepaid card,General-purpose credit card or charge card,Getting a credit card,Card opened as result of identity theft or fraud,Fraudulent account open on my name.,Company has responded to the consumer and the CFPB and chooses not to provide a public response,"CITIBANK, N.A.",FL,33162,,Consent provided,Web,2022-12-21,Closed with explanation,Yes,,6348517,2022,12,21,2
369,2022-12-21,"Credit reporting, credit repair services, or other personal consumer reports",Credit reporting,Incorrect information on your report,Information belongs to someone else,My first and last name are as follows : XXXX XXXX MY current street Address is as follows : XXXX XXXX XXXX XXXX Pa XXXX XXXX XXXX,Company has responded to the consumer and the CFPB and chooses not to provide a public response,Experian Information Solutions Inc.,PA,19144,,Consent provided,Web,2022-12-21,Closed with explanation,Yes,,6348127,2022,12,21,2
381,2022-12-21,"Credit reporting, credit repair services, or other personal consumer reports",Credit reporting,Incorrect information on your report,Account information incorrect,I made a payment to settle this account on XX/XX/2022 and its still reporting and I have disputed with XXXX to tell them I had already paid and settled this account and its still reporting the same,Company has responded to the consumer and the CFPB and chooses not to provide a public response,"Capital Management Services, LP",AL,35405,,Consent provided,Web,2022-12-21,Closed with explanation,Yes,,6349095,2022,12,21,2
382,2022-12-21,Credit card or prepaid card,Store credit card,Fees or interest,Problem with fees,"Synchrony # XXXX XXXX XXXX XXXX Contacted Synchrony on why charged late {$40.00} late fee each month when bill is paid by due date? REP reported correction on next bill. NOT CORRECTED ON NEW BILL. CHARGED ADDITIONAL {$40.00}. HELP!! 

XXXXXXXX XXXX XXXX XXXX XXXXXXXX XXXX XXXX, XXXX XXXX XXXX XXXX",Company has responded to the consumer and the CFPB and chooses not to provide a public response,SYNCHRONY FINANCIAL,SC,29936,Older American,Consent provided,Web,2022-12-21,Closed with non-monetary relief,Yes,,6349517,2022,12,21,2
392,2022-12-20,Mortgage,FHA mortgage,Trouble during payment process,,I was approved for 18months forward Mortgage Payments from XXXX XXXX XXXX XXXX XXXX XXXX in XXXX XXXX XXXX. I had to file a complaint against my XXXX XXXX XXXX XXXX back in XX/XX/2022 because they were being delinquent in applying payments to my Mortgage per the XXXX award. Within in 24 hours of me filing the complaint payments began posting to my account. On XX/XX/2022 my Loan had been purchased by Newrez LLC. ACCT # XXXX. As of XX/XX/2022 Newrez has no information on the HAF award even though i have sent them the award letter. No XXXX payment has been made. Newrez advised me i have 60 days before i become delinquent. I do not understand why i should have to wait to be delinquent when they must have the Funds. Where would the funds be?,Company believes it acted appropriately as authorized by contract or law,"Shellpoint Partners, LLC",FL,32459,,Consent provided,Web,2022-12-20,Closed with explanation,Yes,,6342885,2022,12,20,1
394,2022-12-15,"Credit reporting, credit repair services, or other personal consumer reports",Credit reporting,Improper use of your report,Credit inquiries on your report that you don't recognize,I have reported this hard inquiry to XXXX as fraudulent from this company and they have not yet been removed it. I did not authorize the following inquiry and I have a police report attached showing that my identity was stolen. Please remove the following inquiry from my XXXX credit report : Westlake Service XX/XX/2021,Company has responded to the consumer and the CFPB and chooses not to provide a public response,"Westlake Services, LLC",AR,72472,,Consent provided,Web,2022-12-15,Closed with explanation,Yes,,6326613,2022,12,15,3
401,2022-12-28,Checking or savings account,Checking account,Opening an account,Didn't receive terms that were advertised,"XXXX Went into BMO branch located at XXXX XXXX XXXX XXXX XXXX XXXX XXXX IL XXXX and opened BMO Harris Premier account after seeing welcome bonus on the banks website. Mentioned promotion as reason for wanting to open this particular account. 

Per terms on website the welcome bonus of {$500.00} was subject to meeting {$7500.00} in qualifying direct deposits in 90 days of account opening. Qualifying deposits include those from an employer. 

Direct Deposits from employer made : XX/XX/XXXX {$1200.00} XXXX {$1600.00} XX/XX/XXXX {$1600.00} XX/XX/XXXX {$1600.00} XX/XX/XXXX {$1600.00} XX/XX/XXXX {$1600.00} On XX/XX/XXXX I called Bmo customer service, as no welcome bonus had posted to the account. Customer service advised that they could not find a promotion code on my account to check status of welcome bonus. Representative asked if my paperwork from the account opening had a promotion code attached. I advised it did not, only terms of the accounts. Transferred to XXXX XXXX on the Resolution team who advised she would have to reach out to the local branch to see if they had the promotion code. Told local branch should call within a few days, but may take longer as of XXXX XXXX XXXX. XXXX also advised if the local banker did not apply the promotion code, that they would be able to honor promotion from when I opened account. Given direct number to reach for any questions XXXX Received no follow up and reached back our to XXXX XXXX on XX/XX/XXXX. Left voicemail asking for status of request and call back. 

Received no response. 

